{
   "a-moreninha": ["Romance", "Romantismo", "Literatura Brasileira"],
   "a-viuvinha": ["Romance", "Romantismo", "Literatura Brasileira"],
   "a-relíquia": ["Romance", "Realismo", "Literatura Portuguesa"],
   "amor-de-perdicao": ["Romance", "Tragédia", "Literatura Portuguesa"],
   "anna-karenina": ["Romance", "Realismo", "Literatura Russa"],
   "aventuras-de-sherlock-holmes": ["Mistério", "Detetive", "Contos"],
   "bras-cubas": ["Romance", "Realismo", "Literatura Brasileira"],
   "casa-de-pensao": ["Romance", "Naturalismo", "Literatura Brasileira"],
   "carta-de-achamento": ["Histórico", "Documento", "Brasil Colônia"],
   "contos-fluminenses": ["Contos", "Romance", "Literatura Brasileira"],
   "crime-do-padre-amaro": ["Romance", "Realismo", "Literatura Portuguesa"],
   "dom-casmurro": ["Romance", "Realismo", "Literatura Brasileira"],
   "don-quixote": ["Aventura", "Sátira", "Literatura Espanhola"],
   "diva": ["Romance", "Romantismo", "Literatura Brasileira"],
   "emma": ["Romance", "Literatura Inglesa"],
   "esau-e-jaco": ["Romance", "Realismo", "Literatura Brasileira"],
   "espumas-flutuantes": ["Poesia", "Romantismo"],
   "frankenstein": ["Terror", "Ficção Científica", "Literatura Inglesa"],
   "guerra-e-paz": ["Romance", "Histórico", "Literatura Russa"],
   "hamlet": ["Tragédia", "Teatro", "Literatura Inglesa"],
   
   "helena": ["Romance", "Romantismo", "Literatura Brasileira"],
   "historia-da-meia-noite": ["Contos", "Mistério", "Literatura Brasileira"],
   "historia-sem-data": ["Contos", "Literatura Brasileira"],
   "huckleberry-finn": ["Aventura", "Juventude", "Literatura Americana"],
   "iaiá-garcia": ["Romance", "Romantismo", "Literatura Brasileira"],
   "iracema": ["Romance", "Indianismo", "Literatura Brasileira"],
   "ivanhoe": ["Aventura", "Histórico", "Literatura Inglesa"],
   "jane-eyre": ["Romance", "Drama", "Literatura Inglesa"],
   "jeca-tatu": ["Crítica Social", "Literatura Brasileira"],
   "kim": ["Aventura", "Literatura Inglesa"],
   "lira-dos-vinte-anos": ["Poesia", "Romantismo"],
   "lucíola": ["Romance", "Urbanismo", "Literatura Brasileira"],
   "madame-bovary": ["Romance", "Realismo", "Literatura Francesa"],
   "mansfield-park": ["Romance", "Literatura Inglesa"],
   "meditacoes": ["Filosofia", "Estoicismo"],
   "memorial-de-aires": ["Romance", "Realismo", "Literatura Brasileira"],
   "metamorfose": ["Ficção", "Existencialismo"],
   "moby-dick": ["Aventura", "Marítimo", "Literatura Americana"],
   "monte-cristo": ["Aventura", "Drama", "Literatura Francesa"],
   "o-ateneu": ["Romance", "Crítica Social", "Literatura Brasileira"],
   
   "o-cortico": ["Romance", "Naturalismo", "Literatura Brasileira"],
   "o-guarani": ["Romance", "Indianismo", "Literatura Brasileira"],
   "o-marinheiro": ["Teatro", "Simbolismo", "Literatura Portuguesa"],
   "o-mulato": ["Romance", "Naturalismo", "Literatura Brasileira"],
   "o-primo-basilio": ["Romance", "Realismo", "Literatura Portuguesa"],
   "o-senhor-dos-aneis": ["Fantasia", "Aventura"],
   "orgulho-e-preconceito": ["Romance", "Literatura Inglesa"],
   "os-lusiadas": ["Épico", "Poesia", "Literatura Portuguesa"],
   "os-maias": ["Romance", "Realismo", "Literatura Portuguesa"],
   "os-miseraveis": ["Romance", "Drama", "Literatura Francesa"],
   "otelo": ["Tragédia", "Teatro", "Literatura Inglesa"],
   "papeis-avulsos": ["Contos", "Literatura Brasileira"],
   "peter-pan": ["Fantasia", "Juventude"],
   "quincas-borba": ["Romance", "Realismo", "Literatura Brasileira"],
   "rapto-das-sabinas": ["Histórico", "Clássico"],
   "romeu-e-julieta": ["Tragédia", "Romance", "Literatura Inglesa"],
   "rei-arthur": ["Épico", "Lenda", "Literatura Medieval"],
   "robin-hood": ["Aventura", "Lenda"],
   "republica": ["Filosofia", "Política"],
   "robison-crusoe": ["Aventura", "Sobrevivência"],
   
   "senhora": ["Romance", "Romantismo", "Literatura Brasileira"],
   "sonetos-camoes": ["Poesia", "Clássico"],
   "sonetos-bilac": ["Poesia", "Parnasianismo"],
   "sherlock-estudo-em-vermelho": ["Mistério", "Detetive"],
   "sherlock-o-sinal-dos-quatro": ["Mistério", "Detetive"],
   "til": ["Romance", "Romantismo", "Literatura Brasileira"],
   "triste-fim-de-policarpo-quaresma": ["Romance", "Crítica Social", "Literatura Brasileira"],
   "tres-mosqueteiros": ["Aventura", "Histórico"],
   "ubirajara": ["Romance", "Indianismo", "Literatura Brasileira"],
   "ultimos-dias-de-pompeia": ["Histórico", "Drama"],
   "uma-familia-inglesa": ["Romance", "Literatura Portuguesa"],
   "vaidade-humana": ["Romance", "Sátira"],
   "varias-historias": ["Contos", "Literatura Brasileira"],
   "viagens-de-gulliver": ["Sátira", "Aventura"],
   "viuva-do-martir": ["Romance", "Drama"],
   "vida-e-morte-de-d-joao": ["Histórico", "Literatura Portuguesa"],
   "viagens-de-marco-polo": ["Histórico", "Aventura"],
   "yankee-na-corte-do-rei-artur": ["Fantasia", "Aventura"],
   "zumbi-dos-palmares": ["Histórico", "Brasil"],
   "zaratrusta": ["Filosofia", "Existencialismo"],
   
   "walden": ["Filosofia", "Natureza"],
   "white-fang": ["Aventura", "Natureza"],
   "wuthering-heights": ["Romance", "Drama"],
   "xingu": ["Conto", "Sátira"],
   "youth": ["Aventura", "Marítimo"],
   "zuleika-dobson": ["Sátira", "Romance"],
   "zero-hora": ["Contos", "Literatura Brasileira"],
   "1001-noites": ["Fantasia", "Contos"],
   "12-trabalhos-de-hercules": ["Mitologia", "Aventura"],
   "7-mensagens": ["Espiritualidade", "Reflexão"],
   "1-milhao-de-historias": ["Contos", "Ficção"],
   "abc-da-agricultura": ["Manual", "Agricultura"],
   "vida-de-jesus": ["Histórico", "Religioso"],
   "viagem-ao-centro-da-terra": ["Ficção Científica", "Aventura"],
   "vinte-mil-leguas": ["Ficção Científica", "Aventura"],
   "a-ilha-do-tesouro": ["Aventura", "Juventude"],
   "dracula": ["Terror", "Gótico"],
   "o-medico-e-o-monstro": ["Terror", "Suspense"],
   "a-volta-ao-mundo": ["Aventura", "Ficção"]
}